{
   "simulation" : {
      "constant_density" : 1,
      "timestep" : 0.05,
      "total_time" : 10.0
   },
    "aircraft" : {
        "wing_area" : 6.6,
        "wing_span" : 11.0,
        "thrust" : {
            "offset" : 0.0,
            "T0" : 0.75,
            "T1" : 0.0,
            "T2" : 0.0,
            "a" : 1.0
        }
    },
    "initial" : {
        "airspeed" : 20.0,
        "altitude" : 50.0,
        "weight" : 1.782097,
        "climb" : 5.0,
        "bank" : 10.0,
        "heading" : 0.0
    },
    "reference" : {
        "airspeed" : 21.7955,
        "density" : 0.0021,
        "elevator" : 0.00,
        "lift" : 1.782097,
        "Ixx" : 2.530158,
        "Iyy" : 3.544490,
        "Izz" : 5.943718,
        "Ixy" : 0.0,
        "Ixz" : 0.194011,
        "Iyz" : 0.0,
        "hx" : 0.0,
        "hy" : 0.0,
        "hz" : 0.0,
        "CD" : 0.0452,
        "CL,a" :  5.7750578613805,
        "CD,a" :  0.150865261606405,
        "CD,a,a" : 0.0394,
        "Cm,a" :  -0.257631672388279,
        "CY,b" :  -0.813857833468997,
        "Cl,b" :  -0.10505743107778,
        "Cn,b" :  0.282060842212874,
        "CL,q" :  1.57572479489397,
        "CD,q" :  0.347060600317396,
        "Cm,q" :  -36.1141755509871,
        "CY,p" :  -0.134288617413424,
        "Cl,p" :  -0.782205908859078,
        "Cn,p" :  -0.0561080194562679,
        "CY,r" :  -0.134288617413424,
        "Cl,r" :  -0.782205908859078,
        "Cn,r" :  -0.0561080194562679,
        "CL,de" : 0.350,
        "CD,de" : 0.01,
        "Cm,de" : -0.520,
        "CY,da" : 0.01,
        "Cl,da" : -0.17,
        "Cn,da" : 0.0015,
        "CY,dr" : 0.155,
        "Cl,dr" : 0.055,
        "Cn,dr" : -0.035,
        "CD3" : 0.109
    }
}
